
-- Inserindo os dados da tabela jogadores
INSERT INTO jogadores (nome, rating, pais, idade) VALUES
('Magnus Carlsen', 2865, 'Noruega', 33),
('Ian Nepomniachtchi', 2795, 'Rússia', 34),
('Fabiano Caruana', 2781, 'EUA', 32),
('Ding Liren', 2780, 'China', 32),
('Hikaru Nakamura', 2768, 'EUA', 37),
('Alireza Firouzja', 2750, 'França', 22),
('Anish Giri', 2745, 'Holanda', 30),
('Viswanathan Anand', 2730, 'Índia', 54),
('Levon Aronian', 2725, 'Armênia', 42),
('Wesley So', 2720, 'EUA', 31),
('Teimour Radjabov', 2710, 'Azerbaijão', 38),
('Shakhriyar Mamedyarov', 2708, 'Azerbaijão', 39),
('Richard Rapport', 2705, 'Hungria', 28),
('Maxime Vachier-Lagrave', 2700, 'França', 34),
('Sergey Karjakin', 2695, 'Rússia', 35),
('Dommaraju Gukesh', 2690, 'Índia', 19),
('Rameshbabu Praggnanandhaa', 2688, 'Índia', 19),
('Hans Niemann', 2680, 'EUA', 21),
('Wei Yi', 2675, 'China', 25),
('Sam Shankland', 2670, 'EUA', 33);


-- Inserindo os dados da tabela aberturas
INSERT INTO aberturas (nome_abertura, codigo_ECO) VALUES
('Ruy Lopez', 'C60'),
('Defesa Siciliana', 'B20'),
('Defesa Francesa', 'C00'),
('Defesa Caro-Kann', 'B10'),
('Defesa Pirc', 'B07'),
('Defesa Alekhine', 'B02'),
('Defesa Escandinava', 'B01'),
('Gambito da Dama', 'D06'),
('Defesa Eslava', 'D10'),
('Defesa Índia do Rei', 'E60'),
('Defesa Nimzo-Índia', 'E20'),
('Defesa Grünfeld', 'D70'),
('Gambito do Rei', 'C30'),
('Inglesa', 'A10'),
('Ataque Trompowsky', 'A45');


-- Inserindo os dados da tabela rodadas
INSERT INTO rodadas (numero_rodada, data_rodada) VALUES
(1, '2025-01-10'),
(2, '2025-01-11'),
(3, '2025-01-12'),
(4, '2025-01-13'),
(5, '2025-01-14'),
(6, '2025-01-15'),
(7, '2025-01-16');


-- Inserindo os dados da tabela partidas
INSERT INTO partidas (jogador_brancas_id, jogador_negras_id, abertura_id, rodada_id, resultado, duracao_minutos) VALUES
(8, 11, 9, 1, '½-½', 163),
(5, 17, 13, 1, '1-0', 93),
(6, 10, 9, 1, '½-½', 114),
(4, 15, 2, 1, '0-1', 99),
(14, 20, 1, 1, '1-0', 121),
(12, 3, 4, 1, '½-½', 72),
(7, 1, 8, 1, '0-1', 152),
(19, 16, 3, 1, '½-½', 92),
(2, 18, 5, 1, '1-0', 95),
(13, 9, 4, 1, '0-1', 75),
(16, 18, 2, 2, '0-1', 85),
(7, 2, 2, 2, '0-1', 95),
(10, 20, 15, 2, '½-½', 107),
(8, 3, 9, 2, '0-1', 101),
(14, 5, 2, 2, '½-½', 175),
(17, 15, 5, 2, '1-0', 79),
(1, 11, 3, 2, '½-½', 127),
(6, 12, 7, 2, '0-1', 74),
(4, 9, 9, 2, '½-½', 159),
(13, 19, 12, 2, '1-0', 169),
(18, 3, 15, 3, '0-1', 105),
(19, 11, 8, 3, '1-0', 161),
(6, 1, 12, 3, '1-0', 138),
(2, 16, 6, 3, '½-½', 119),
(4, 5, 2, 3, '1-0', 174),
(14, 20, 15, 3, '1-0', 147),
(9, 13, 4, 3, '0-1', 153),
(12, 15, 9, 3, '0-1', 108),
(10, 17, 5, 3, '1-0', 75),
(7, 8, 6, 3, '1-0', 173),
(16, 18, 7, 4, '0-1', 121),
(19, 11, 9, 4, '0-1', 121),
(4, 5, 7, 4, '1-0', 134),
(7, 15, 7, 4, '1-0', 101),
(1, 6, 9, 4, '½-½', 145),
(2, 12, 1, 4, '1-0', 63),
(10, 14, 1, 4, '½-½', 105),
(20, 8, 12, 4, '1-0', 175),
(17, 3, 2, 4, '0-1', 173),
(13, 9, 5, 4, '½-½', 143),
(8, 18, 11, 5, '0-1', 153),
(4, 12, 9, 5, '1-0', 114),
(17, 5, 7, 5, '0-1', 140),
(19, 16, 2, 5, '1-0', 164),
(15, 1, 10, 5, '1-0', 88),
(10, 14, 14, 5, '1-0', 109),
(20, 11, 8, 5, '½-½', 176),
(6, 3, 12, 5, '0-1', 95),
(7, 2, 14, 5, '½-½', 165),
(13, 9, 6, 5, '0-1', 72),
(2, 13, 7, 6, '½-½', 106),
(7, 3, 13, 6, '½-½', 75),
(16, 4, 8, 6, '½-½', 69),
(19, 9, 9, 6, '1-0', 80),
(17, 15, 12, 6, '1-0', 138),
(1, 6, 5, 6, '1-0', 155),
(10, 11, 4, 6, '½-½', 65),
(20, 14, 9, 6, '½-½', 88),
(12, 18, 3, 6, '½-½', 127),
(8, 5, 13, 6, '0-1', 148),
(7, 6, 11, 7, '1-0', 175),
(2, 20, 6, 7, '½-½', 132),
(13, 12, 4, 7, '½-½', 171),
(16, 5, 8, 7, '0-1', 70),
(18, 10, 15, 7, '1-0', 60),
(9, 15, 14, 7, '½-½', 82),
(3, 17, 6, 7, '1-0', 150),
(1, 8, 14, 7, '0-1', 87),
(4, 19, 8, 7, '0-1', 141),
(14, 11, 4, 7, '1-0', 143);
